name;url;data_types;default_tasks;attribute_types;no_instances;no_attribues;year
Abalone;https://archive.ics.uci.edu/ml/datasets/Abalone;Multivariate;Classification;Categorical$Integer$Real;4177;8;1995
Adult;https://archive.ics.uci.edu/ml/datasets/Adult;Multivariate;Classification;Categorical$Integer;48842;14;1996
Annealing;https://archive.ics.uci.edu/ml/datasets/Annealing;Multivariate;Classification;Categorical$Integer$Real;798;38;
Anonymous Microsoft Web Data;https://archive.ics.uci.edu/ml/datasets/Anonymous+Microsoft+Web+Data;;Recommender-Systems;Categorical;37711;294;1998
Arrhythmia;https://archive.ics.uci.edu/ml/datasets/Arrhythmia;Multivariate;Classification;Categorical$Integer$Real;452;279;1998
Artificial Characters;https://archive.ics.uci.edu/ml/datasets/Artificial+Characters;Multivariate;Classification;Categorical$Integer$Real;6000;7;1992
Audiology (Original);https://archive.ics.uci.edu/ml/datasets/Audiology+%28Original%29;Multivariate;Classification;Categorical;226;;1987
Audiology (Standardized);https://archive.ics.uci.edu/ml/datasets/Audiology+%28Standardized%29;Multivariate;Classification;Categorical;226;69;1992
Auto MPG;https://archive.ics.uci.edu/ml/datasets/Auto+MPG;Multivariate;Regression;Categorical$Real;398;8;1993
Automobile;https://archive.ics.uci.edu/ml/datasets/Automobile;Multivariate;Regression;Categorical$Integer$Real;205;26;1987
Badges;https://archive.ics.uci.edu/ml/datasets/Badges;Univariate$Text;Classification;;294;1;1994
Balance Scale;https://archive.ics.uci.edu/ml/datasets/Balance+Scale;Multivariate;Classification;Categorical;625;4;1994
Balloons;https://archive.ics.uci.edu/ml/datasets/Balloons;Multivariate;Classification;Categorical;16;4;
Breast Cancer;https://archive.ics.uci.edu/ml/datasets/Breast+Cancer;Multivariate;Classification;Categorical;286;9;1988
Breast Cancer Wisconsin (Original);https://archive.ics.uci.edu/ml/datasets/Breast+Cancer+Wisconsin+%28Original%29;Multivariate;Classification;Integer;699;10;1992
Breast Cancer Wisconsin (Prognostic);https://archive.ics.uci.edu/ml/datasets/Breast+Cancer+Wisconsin+%28Prognostic%29;Multivariate;Classification$Regression;Real;198;34;1995
Breast Cancer Wisconsin (Diagnostic);https://archive.ics.uci.edu/ml/datasets/Breast+Cancer+Wisconsin+%28Diagnostic%29;Multivariate;Classification;Real;569;32;1995
Pittsburgh Bridges;https://archive.ics.uci.edu/ml/datasets/Pittsburgh+Bridges;Multivariate;Classification;Categorical$Integer;108;13;1990
Car Evaluation;https://archive.ics.uci.edu/ml/datasets/Car+Evaluation;Multivariate;Classification;Categorical;1728;6;1997
Census Income;https://archive.ics.uci.edu/ml/datasets/Census+Income;Multivariate;Classification;Categorical$Integer;48842;14;1996
Chess (King-Rook vs. King-Knight);https://archive.ics.uci.edu/ml/datasets/Chess+%28King-Rook+vs.+King-Knight%29;Multivariate$Data-Generator;Classification;Categorical$Integer;;22;1988
Chess (King-Rook vs. King-Pawn);https://archive.ics.uci.edu/ml/datasets/Chess+%28King-Rook+vs.+King-Pawn%29;Multivariate;Classification;Categorical;3196;36;1989
Chess (King-Rook vs. King);https://archive.ics.uci.edu/ml/datasets/Chess+%28King-Rook+vs.+King%29;Multivariate;Classification;Categorical$Integer;28056;6;1994
Chess (Domain Theories);https://archive.ics.uci.edu/ml/datasets/Chess+%28Domain+Theories%29;Domain-Theory;;;;;
Bach Chorales;https://archive.ics.uci.edu/ml/datasets/Bach+Chorales;Univariate$Time-Series;;Categorical$Integer;100;6;
Connect-4;https://archive.ics.uci.edu/ml/datasets/Connect-4;Multivariate$Spatial;Classification;Categorical;67557;42;1995
Credit Approval;https://archive.ics.uci.edu/ml/datasets/Credit+Approval;Multivariate;Classification;Categorical$Integer$Real;690;15;
Japanese Credit Screening;https://archive.ics.uci.edu/ml/datasets/Japanese+Credit+Screening;Multivariate$Domain-Theory;Classification;Categorical$Real$Integer;125;;1992
Computer Hardware;https://archive.ics.uci.edu/ml/datasets/Computer+Hardware;Multivariate;Regression;Integer;209;9;1987
Contraceptive Method Choice;https://archive.ics.uci.edu/ml/datasets/Contraceptive+Method+Choice;Multivariate;Classification;Categorical$Integer;1473;9;1997
Covertype;https://archive.ics.uci.edu/ml/datasets/Covertype;Multivariate;Classification;Categorical$Integer;581012;54;1998
Cylinder Bands;https://archive.ics.uci.edu/ml/datasets/Cylinder+Bands;Multivariate;Classification;Categorical$Integer$Real;512;39;1995
Dermatology;https://archive.ics.uci.edu/ml/datasets/Dermatology;Multivariate;Classification;Categorical$Integer;366;33;1998
Diabetes;https://archive.ics.uci.edu/ml/datasets/Diabetes;Multivariate$Time-Series;;Categorical$Integer;;20;
DGP2 - The Second Data Generation Program;https://archive.ics.uci.edu/ml/datasets/DGP2+-+The+Second+Data+Generation+Program;Data-Generator;;Real;;;
Document Understanding;https://archive.ics.uci.edu/ml/datasets/Document+Understanding;;;;;;1994
EBL Domain Theories;https://archive.ics.uci.edu/ml/datasets/EBL+Domain+Theories;;;;;;
Echocardiogram;https://archive.ics.uci.edu/ml/datasets/Echocardiogram;Multivariate;Classification;Categorical$Integer$Real;132;12;1989
Ecoli;https://archive.ics.uci.edu/ml/datasets/Ecoli;Multivariate;Classification;Real;336;8;1996
Flags;https://archive.ics.uci.edu/ml/datasets/Flags;Multivariate;Classification;Categorical$Integer;194;30;1990
Function Finding;https://archive.ics.uci.edu/ml/datasets/Function+Finding;;Function-Learning;Real;352;;1990
Glass Identification;https://archive.ics.uci.edu/ml/datasets/Glass+Identification;Multivariate;Classification;Real;214;10;1987
Haberman's Survival;https://archive.ics.uci.edu/ml/datasets/Haberman%27s+Survival;Multivariate;Classification;Integer;306;3;1999
Hayes-Roth;https://archive.ics.uci.edu/ml/datasets/Hayes-Roth;Multivariate;Classification;Categorical;160;5;1989
Heart Disease;https://archive.ics.uci.edu/ml/datasets/Heart+Disease;Multivariate;Classification;Categorical$Integer$Real;303;75;1988
Hepatitis;https://archive.ics.uci.edu/ml/datasets/Hepatitis;Multivariate;Classification;Categorical$Integer$Real;155;19;1988
Horse Colic;https://archive.ics.uci.edu/ml/datasets/Horse+Colic;Multivariate;Classification;Categorical$Integer$Real;368;27;1989
ICU;https://archive.ics.uci.edu/ml/datasets/ICU;Multivariate$Time-Series;;Real;;;
Image Segmentation;https://archive.ics.uci.edu/ml/datasets/Image+Segmentation;Multivariate;Classification;Real;2310;19;1990
Internet Advertisements;https://archive.ics.uci.edu/ml/datasets/Internet+Advertisements;Multivariate;Classification;Categorical$Integer$Real;3279;1558;1998
Ionosphere;https://archive.ics.uci.edu/ml/datasets/Ionosphere;Multivariate;Classification;Integer$Real;351;34;1989
Iris;https://archive.ics.uci.edu/ml/datasets/Iris;Multivariate;Classification;Real;150;4;1988
ISOLET;https://archive.ics.uci.edu/ml/datasets/ISOLET;Multivariate;Classification;Real;7797;617;1994
Kinship;https://archive.ics.uci.edu/ml/datasets/Kinship;Relational;Relational-Learning;Categorical;104;12;1990
Labor Relations;https://archive.ics.uci.edu/ml/datasets/Labor+Relations;Multivariate;;Categorical$Integer$Real;57;16;1988
LED Display Domain;https://archive.ics.uci.edu/ml/datasets/LED+Display+Domain;Multivariate$Data-Generator;Classification;Categorical;;7;1988
Lenses;https://archive.ics.uci.edu/ml/datasets/Lenses;Multivariate;Classification;Categorical;24;4;1990
Letter Recognition;https://archive.ics.uci.edu/ml/datasets/Letter+Recognition;Multivariate;Classification;Integer;20000;16;1991
Liver Disorders;https://archive.ics.uci.edu/ml/datasets/Liver+Disorders;Multivariate;;Categorical$Integer$Real;345;7;1990
Logic Theorist;https://archive.ics.uci.edu/ml/datasets/Logic+Theorist;Domain-Theory;;;;;
Lung Cancer;https://archive.ics.uci.edu/ml/datasets/Lung+Cancer;Multivariate;Classification;Integer;32;56;1992
Lymphography;https://archive.ics.uci.edu/ml/datasets/Lymphography;Multivariate;Classification;Categorical;148;18;1988
Mechanical Analysis;https://archive.ics.uci.edu/ml/datasets/Mechanical+Analysis;Multivariate;Classification;Categorical$Integer$Real;209;8;1990
Meta-data;https://archive.ics.uci.edu/ml/datasets/Meta-data;Multivariate;Classification;Categorical$Integer$Real;528;22;1996
Mobile Robots;https://archive.ics.uci.edu/ml/datasets/Mobile+Robots;Domain-Theory;;Categorical$Integer$Real;;;1995
Molecular Biology (Promoter Gene Sequences);https://archive.ics.uci.edu/ml/datasets/Molecular+Biology+%28Promoter+Gene+Sequences%29;Sequential$Domain-Theory;Classification;Categorical;106;58;1990
Molecular Biology (Protein Secondary Structure);https://archive.ics.uci.edu/ml/datasets/Molecular+Biology+%28Protein+Secondary+Structure%29;Sequential;Classification;Categorical;128;;
Molecular Biology (Splice-junction Gene Sequences);https://archive.ics.uci.edu/ml/datasets/Molecular+Biology+%28Splice-junction+Gene+Sequences%29;Sequential$Domain-Theory;Classification;Categorical;3190;61;1992
MONK's Problems;https://archive.ics.uci.edu/ml/datasets/MONK%27s+Problems;Multivariate;Classification;Categorical;432;7;1992
Moral Reasoner;https://archive.ics.uci.edu/ml/datasets/Moral+Reasoner;Domain-Theory;;;202;;1994
Multiple Features;https://archive.ics.uci.edu/ml/datasets/Multiple+Features;Multivariate;Classification;Integer$Real;2000;649;
Mushroom;https://archive.ics.uci.edu/ml/datasets/Mushroom;Multivariate;Classification;Categorical;8124;22;1987
Musk (Version 1);https://archive.ics.uci.edu/ml/datasets/Musk+%28Version+1%29;Multivariate;Classification;Integer;476;168;1994
Musk (Version 2);https://archive.ics.uci.edu/ml/datasets/Musk+%28Version+2%29;Multivariate;Classification;Integer;6598;168;1994
Nursery;https://archive.ics.uci.edu/ml/datasets/Nursery;Multivariate;Classification;Categorical;12960;8;1997
Othello Domain Theory;https://archive.ics.uci.edu/ml/datasets/Othello+Domain+Theory;Domain-Theory;;;;;1991
Page Blocks Classification;https://archive.ics.uci.edu/ml/datasets/Page+Blocks+Classification;Multivariate;Classification;Integer$Real;5473;10;1995
Optical Recognition of Handwritten Digits;https://archive.ics.uci.edu/ml/datasets/Optical+Recognition+of+Handwritten+Digits;Multivariate;Classification;Integer;5620;64;1998
Pen-Based Recognition of Handwritten Digits;https://archive.ics.uci.edu/ml/datasets/Pen-Based+Recognition+of+Handwritten+Digits;Multivariate;Classification;Integer;10992;16;1998
Post-Operative Patient;https://archive.ics.uci.edu/ml/datasets/Post-Operative+Patient;Multivariate;Classification;Categorical$Integer;90;8;1993
Primary Tumor;https://archive.ics.uci.edu/ml/datasets/Primary+Tumor;Multivariate;Classification;Categorical;339;17;1988
Prodigy;https://archive.ics.uci.edu/ml/datasets/Prodigy;Domain-Theory;;;;;
Qualitative Structure Activity Relationships;https://archive.ics.uci.edu/ml/datasets/Qualitative+Structure+Activity+Relationships;Domain-Theory;;;;;
Quadruped Mammals;https://archive.ics.uci.edu/ml/datasets/Quadruped+Mammals;Multivariate$Data-Generator;Classification;Real;;72;1992
Servo;https://archive.ics.uci.edu/ml/datasets/Servo;Multivariate;Regression;Categorical$Integer;167;4;1993
Shuttle Landing Control;https://archive.ics.uci.edu/ml/datasets/Shuttle+Landing+Control;Multivariate;Classification;Categorical;15;6;1988
Solar Flare;https://archive.ics.uci.edu/ml/datasets/Solar+Flare;Multivariate;Regression;Categorical;1389;10;1989
Soybean (Large);https://archive.ics.uci.edu/ml/datasets/Soybean+%28Large%29;Multivariate;Classification;Categorical;307;35;1988
Soybean (Small);https://archive.ics.uci.edu/ml/datasets/Soybean+%28Small%29;Multivariate;Classification;Categorical;47;35;1987
Challenger USA Space Shuttle O-Ring;https://archive.ics.uci.edu/ml/datasets/Challenger+USA+Space+Shuttle+O-Ring;Multivariate;Regression;Integer;23;4;1993
Low Resolution Spectrometer;https://archive.ics.uci.edu/ml/datasets/Low+Resolution+Spectrometer;Multivariate;Classification;Integer$Real;531;102;1988
Spambase;https://archive.ics.uci.edu/ml/datasets/Spambase;Multivariate;Classification;Integer$Real;4601;57;1999
SPECT Heart;https://archive.ics.uci.edu/ml/datasets/SPECT+Heart;Multivariate;Classification;Categorical;267;22;2001
SPECTF Heart;https://archive.ics.uci.edu/ml/datasets/SPECTF+Heart;Multivariate;Classification;Integer;267;44;2001
Sponge;https://archive.ics.uci.edu/ml/datasets/Sponge;Multivariate;Clustering;Categorical$Integer;76;45;
Statlog Project;https://archive.ics.uci.edu/ml/datasets/Statlog+Project;;;;;;1992
Student Loan Relational;https://archive.ics.uci.edu/ml/datasets/Student+Loan+Relational;Domain-Theory;;;1000;;1993
Teaching Assistant Evaluation;https://archive.ics.uci.edu/ml/datasets/Teaching+Assistant+Evaluation;Multivariate;Classification;Categorical$Integer;151;5;1997
Tic-Tac-Toe Endgame;https://archive.ics.uci.edu/ml/datasets/Tic-Tac-Toe+Endgame;Multivariate;Classification;Categorical;958;9;1991
Thyroid Disease;https://archive.ics.uci.edu/ml/datasets/Thyroid+Disease;Multivariate$Domain-Theory;Classification;Categorical$Real;7200;21;1987
Trains;https://archive.ics.uci.edu/ml/datasets/Trains;Multivariate;Classification;Categorical;10;32;1994
University;https://archive.ics.uci.edu/ml/datasets/University;Multivariate;Classification;Categorical$Integer;285;17;1988
Congressional Voting Records;https://archive.ics.uci.edu/ml/datasets/Congressional+Voting+Records;Multivariate;Classification;Categorical;435;16;1987
Water Treatment Plant;https://archive.ics.uci.edu/ml/datasets/Water+Treatment+Plant;Multivariate;Clustering;Integer$Real;527;38;1993
Waveform Database Generator (Version 1);https://archive.ics.uci.edu/ml/datasets/Waveform+Database+Generator+%28Version+1%29;Multivariate$Data-Generator;Classification;Real;5000;21;1988
Waveform Database Generator (Version 2);https://archive.ics.uci.edu/ml/datasets/Waveform+Database+Generator+%28Version+2%29;Multivariate$Data-Generator;Classification;Real;5000;40;1988
Wine;https://archive.ics.uci.edu/ml/datasets/Wine;Multivariate;Classification;Integer$Real;178;13;1991
Yeast;https://archive.ics.uci.edu/ml/datasets/Yeast;Multivariate;Classification;Real;1484;8;1996
Zoo;https://archive.ics.uci.edu/ml/datasets/Zoo;Multivariate;Classification;Categorical$Integer;101;17;1990
Undocumented;https://archive.ics.uci.edu/ml/datasets/Undocumented;;;;;;
Twenty Newsgroups;https://archive.ics.uci.edu/ml/datasets/Twenty+Newsgroups;Text;;;20000;;1999
Australian Sign Language signs;https://archive.ics.uci.edu/ml/datasets/Australian+Sign+Language+signs;Multivariate$Time-Series;Classification;Categorical$Real;6650;15;1999
Australian Sign Language signs (High Quality);https://archive.ics.uci.edu/ml/datasets/Australian+Sign+Language+signs+%28High+Quality%29;Multivariate$Time-Series;Classification;Real;2565;22;2002
US Census Data (1990);https://archive.ics.uci.edu/ml/datasets/US+Census+Data+%281990%29;Multivariate;Clustering;Categorical;2458285;68;
Census-Income (KDD);https://archive.ics.uci.edu/ml/datasets/Census-Income+%28KDD%29;Multivariate;Classification;Categorical$Integer;299285;40;2000
Coil 1999 Competition Data;https://archive.ics.uci.edu/ml/datasets/Coil+1999+Competition+Data;Multivariate;;Categorical$Real;340;17;1999
Corel Image Features;https://archive.ics.uci.edu/ml/datasets/Corel+Image+Features;Multivariate;;Real;68040;89;1999
E. Coli Genes;https://archive.ics.uci.edu/ml/datasets/E.+Coli+Genes;Relational;;;;;2001
EEG Database;https://archive.ics.uci.edu/ml/datasets/EEG+Database;Multivariate$Time-Series;;Categorical$Integer$Real;122;4;1999
El Nino;https://archive.ics.uci.edu/ml/datasets/El+Nino;Spatio-temporal;;Integer$Real;178080;12;1999
Entree Chicago Recommendation Data;https://archive.ics.uci.edu/ml/datasets/Entree+Chicago+Recommendation+Data;Transactional$Sequential;Recommender-Systems;Categorical;50672;;2000
CMU Face Images;https://archive.ics.uci.edu/ml/datasets/CMU+Face+Images;Image;Classification;Integer;640;;1999
Insurance Company Benchmark (COIL 2000);https://archive.ics.uci.edu/ml/datasets/Insurance+Company+Benchmark+%28COIL+2000%29;Multivariate;Regression$Description;Categorical$Integer;9000;86;2000
Internet Usage Data;https://archive.ics.uci.edu/ml/datasets/Internet+Usage+Data;Multivariate;;Categorical$Integer;10104;72;1999
IPUMS Census Database;https://archive.ics.uci.edu/ml/datasets/IPUMS+Census+Database;Multivariate;;Categorical$Integer;256932;61;1999
Japanese Vowels;https://archive.ics.uci.edu/ml/datasets/Japanese+Vowels;Multivariate$Time-Series;Classification;Real;640;12;
KDD Cup 1998 Data;https://archive.ics.uci.edu/ml/datasets/KDD+Cup+1998+Data;Multivariate;Regression;Categorical$Integer;191779;481;1998
KDD Cup 1999 Data;https://archive.ics.uci.edu/ml/datasets/KDD+Cup+1999+Data;Multivariate;Classification;Categorical$Integer;4000000;42;1999
M. Tuberculosis Genes;https://archive.ics.uci.edu/ml/datasets/M.+Tuberculosis+Genes;Relational;;;;;2001
Movie;https://archive.ics.uci.edu/ml/datasets/Movie;Multivariate$Relational;;;10000;;1999
MSNBC.com Anonymous Web Data;https://archive.ics.uci.edu/ml/datasets/MSNBC.com+Anonymous+Web+Data;Sequential;;Categorical;989818;;
NSF Research Award Abstracts 1990-2003;https://archive.ics.uci.edu/ml/datasets/NSF+Research+Award+Abstracts+1990-2003;Text;;;129000;;2003
Pioneer-1 Mobile Robot Data;https://archive.ics.uci.edu/ml/datasets/Pioneer-1+Mobile+Robot+Data;Multivariate$Time-Series;;Categorical$Real;;;1999
Pseudo Periodic Synthetic Time Series;https://archive.ics.uci.edu/ml/datasets/Pseudo+Periodic+Synthetic+Time+Series;Univariate$Time-Series;;;100000;;1999
Reuters-21578 Text Categorization Collection;https://archive.ics.uci.edu/ml/datasets/Reuters-21578+Text+Categorization+Collection;Text;Classification;Categorical;21578;5;1997
Robot Execution Failures;https://archive.ics.uci.edu/ml/datasets/Robot+Execution+Failures;Multivariate$Time-Series;Classification;Integer;463;90;1999
Synthetic Control Chart Time Series;https://archive.ics.uci.edu/ml/datasets/Synthetic+Control+Chart+Time+Series;Time-Series;Classification$Clustering;Real;600;;1999
Syskill and Webert Web Page Ratings;https://archive.ics.uci.edu/ml/datasets/Syskill+and+Webert+Web+Page+Ratings;Multivariate$Text;Classification;Categorical;332;5;1998
UNIX User Data;https://archive.ics.uci.edu/ml/datasets/UNIX+User+Data;Text$Sequential;;;;;
Volcanoes on Venus - JARtool experiment;https://archive.ics.uci.edu/ml/datasets/Volcanoes+on+Venus+-+JARtool+experiment;Image;Classification;;;;
Statlog (Australian Credit Approval);https://archive.ics.uci.edu/ml/datasets/Statlog+%28Australian+Credit+Approval%29;Multivariate;Classification;Categorical$Integer$Real;690;14;
Statlog (German Credit Data);https://archive.ics.uci.edu/ml/datasets/Statlog+%28German+Credit+Data%29;Multivariate;Classification;Categorical$Integer;1000;20;1994
Statlog (Heart);https://archive.ics.uci.edu/ml/datasets/Statlog+%28Heart%29;Multivariate;Classification;Categorical$Real;270;13;
Statlog (Landsat Satellite);https://archive.ics.uci.edu/ml/datasets/Statlog+%28Landsat+Satellite%29;Multivariate;Classification;Integer;6435;36;1993
Statlog (Image Segmentation);https://archive.ics.uci.edu/ml/datasets/Statlog+%28Image+Segmentation%29;Multivariate;Classification;Real;2310;19;1990
Statlog (Shuttle);https://archive.ics.uci.edu/ml/datasets/Statlog+%28Shuttle%29;Multivariate;Classification;Integer;58000;9;
Statlog (Vehicle Silhouettes);https://archive.ics.uci.edu/ml/datasets/Statlog+%28Vehicle+Silhouettes%29;Multivariate;Classification;Integer;946;18;
Connectionist Bench (Nettalk Corpus);https://archive.ics.uci.edu/ml/datasets/Connectionist+Bench+%28Nettalk+Corpus%29;Multivariate;;Categorical;20008;4;
Connectionist Bench (Sonar, Mines vs. Rocks);https://archive.ics.uci.edu/ml/datasets/Connectionist+Bench+%28Sonar%2C+Mines+vs.+Rocks%29;Multivariate;Classification;Real;208;60;
Connectionist Bench (Vowel Recognition - Deterding Data);https://archive.ics.uci.edu/ml/datasets/Connectionist+Bench+%28Vowel+Recognition+-+Deterding+Data%29;;Classification;Real;528;10;
Economic Sanctions;https://archive.ics.uci.edu/ml/datasets/Economic+Sanctions;Domain-Theory;;;;;
Protein Data;https://archive.ics.uci.edu/ml/datasets/Protein+Data;;;;;;
Cloud;https://archive.ics.uci.edu/ml/datasets/Cloud;Multivariate;;Real;1024;10;1989
CalIt2 Building People Counts;https://archive.ics.uci.edu/ml/datasets/CalIt2+Building+People+Counts;Multivariate$Time-Series;;Categorical$Integer;10080;4;2006
Dodgers Loop Sensor;https://archive.ics.uci.edu/ml/datasets/Dodgers+Loop+Sensor;Multivariate$Time-Series;;Categorical$Integer;50400;3;2006
Poker Hand;https://archive.ics.uci.edu/ml/datasets/Poker+Hand;Multivariate;Classification;Categorical$Integer;1025010;11;2007
MAGIC Gamma Telescope;https://archive.ics.uci.edu/ml/datasets/MAGIC+Gamma+Telescope;Multivariate;Classification;Real;19020;11;2007
UJI Pen Characters;https://archive.ics.uci.edu/ml/datasets/UJI+Pen+Characters;Multivariate$Sequential;Classification;Integer;1364;;2007
Mammographic Mass;https://archive.ics.uci.edu/ml/datasets/Mammographic+Mass;Multivariate;Classification;Integer;961;6;2007
Forest Fires;https://archive.ics.uci.edu/ml/datasets/Forest+Fires;Multivariate;Regression;Real;517;13;2008
Reuters Transcribed Subset;https://archive.ics.uci.edu/ml/datasets/Reuters+Transcribed+Subset;Text;Classification;;200;;2008
Bag of Words;https://archive.ics.uci.edu/ml/datasets/Bag+of+Words;Text;Clustering;Integer;8000000;100000;2008
Concrete Compressive Strength;https://archive.ics.uci.edu/ml/datasets/Concrete+Compressive+Strength;Multivariate;Regression;Real;1030;9;2007
Hill-Valley;https://archive.ics.uci.edu/ml/datasets/Hill-Valley;Sequential;Classification;Real;606;101;2008
Arcene;https://archive.ics.uci.edu/ml/datasets/Arcene;Multivariate;Classification;Real;900;10000;2008
Dexter;https://archive.ics.uci.edu/ml/datasets/Dexter;Multivariate;Classification;Integer;2600;20000;2008
Dorothea;https://archive.ics.uci.edu/ml/datasets/Dorothea;Multivariate;Classification;Integer;1950;100000;2008
Gisette;https://archive.ics.uci.edu/ml/datasets/Gisette;Multivariate;Classification;Integer;13500;5000;2008
Madelon;https://archive.ics.uci.edu/ml/datasets/Madelon;Multivariate;Classification;Real;4400;500;2008
Ozone Level Detection;https://archive.ics.uci.edu/ml/datasets/Ozone+Level+Detection;Multivariate$Sequential$Time-Series;Classification;Real;2536;73;2008
Abscisic Acid Signaling Network;https://archive.ics.uci.edu/ml/datasets/Abscisic+Acid+Signaling+Network;Multivariate;Causal-Discovery;Integer;300;43;2008
Parkinsons;https://archive.ics.uci.edu/ml/datasets/Parkinsons;Multivariate;Classification;Real;197;23;2008
Character Trajectories;https://archive.ics.uci.edu/ml/datasets/Character+Trajectories;Time-Series;Classification$Clustering;Real;2858;3;2008
Blood Transfusion Service Center;https://archive.ics.uci.edu/ml/datasets/Blood+Transfusion+Service+Center;Multivariate;Classification;Real;748;5;2008
UJI Pen Characters (Version 2);https://archive.ics.uci.edu/ml/datasets/UJI+Pen+Characters+%28Version+2%29;Multivariate$Sequential;Classification;Integer;11640;;2009
Semeion Handwritten Digit;https://archive.ics.uci.edu/ml/datasets/Semeion+Handwritten+Digit;Multivariate;Classification;Integer;1593;256;2008
SECOM;https://archive.ics.uci.edu/ml/datasets/SECOM;Multivariate;Classification$Causal-Discovery;Real;1567;591;2008
Plants;https://archive.ics.uci.edu/ml/datasets/Plants;Multivariate;Clustering;Categorical;22632;70;2008
Libras Movement;https://archive.ics.uci.edu/ml/datasets/Libras+Movement;Multivariate$Sequential;Classification$Clustering;Real;360;91;2009
Concrete Slump Test;https://archive.ics.uci.edu/ml/datasets/Concrete+Slump+Test;Multivariate;Regression;Real;103;10;2009
Communities and Crime;https://archive.ics.uci.edu/ml/datasets/Communities+and+Crime;Multivariate;Regression;Real;1994;128;2009
Acute Inflammations;https://archive.ics.uci.edu/ml/datasets/Acute+Inflammations;Multivariate;Classification;Categorical$Integer;120;6;2009
Wine Quality;https://archive.ics.uci.edu/ml/datasets/Wine+Quality;Multivariate;Classification$Regression;Real;4898;12;2009
URL Reputation;https://archive.ics.uci.edu/ml/datasets/URL+Reputation;Multivariate$Time-Series;Classification;Integer$Real;2396130;3231961;2009
p53 Mutants;https://archive.ics.uci.edu/ml/datasets/p53+Mutants;Multivariate;Classification;Real;16772;5409;2010
Parkinsons Telemonitoring;https://archive.ics.uci.edu/ml/datasets/Parkinsons+Telemonitoring;Multivariate;Regression;Integer$Real;5875;26;2009
Demospongiae;https://archive.ics.uci.edu/ml/datasets/Demospongiae;Multivariate;Classification;Integer;503;;2010
Opinosis Opinion  Review;https://archive.ics.uci.edu/ml/datasets/Opinosis+Opinion+%26frasl%3B+Review;Text;;;51;;2010
Breast Tissue;https://archive.ics.uci.edu/ml/datasets/Breast+Tissue;Multivariate;Classification;Real;106;10;2010
Cardiotocography;https://archive.ics.uci.edu/ml/datasets/Cardiotocography;Multivariate;Classification;Real;2126;23;2010
Wall-Following Robot Navigation Data;https://archive.ics.uci.edu/ml/datasets/Wall-Following+Robot+Navigation+Data;Multivariate$Sequential;Classification;Real;5456;24;2010
Spoken Arabic Digit;https://archive.ics.uci.edu/ml/datasets/Spoken+Arabic+Digit;Multivariate$Time-Series;Classification;Real;8800;13;2010
Localization Data for Person Activity;https://archive.ics.uci.edu/ml/datasets/Localization+Data+for+Person+Activity;Univariate$Sequential$Time-Series;Classification;Real;164860;8;2010
AutoUniv;https://archive.ics.uci.edu/ml/datasets/AutoUniv;Multivariate;Classification;Categorical$Integer$Real;;;2010
Steel Plates Faults;https://archive.ics.uci.edu/ml/datasets/Steel+Plates+Faults;Multivariate;Classification;Integer$Real;1941;27;2010
MiniBooNE particle identification;https://archive.ics.uci.edu/ml/datasets/MiniBooNE+particle+identification;Multivariate;Classification;Real;130065;50;2010
YearPredictionMSD;https://archive.ics.uci.edu/ml/datasets/YearPredictionMSD;Multivariate;Regression;Real;515345;90;2011
PEMS-SF;https://archive.ics.uci.edu/ml/datasets/PEMS-SF;Multivariate$Time-Series;Classification;Real;440;138672;2011
OpinRank Review Dataset;https://archive.ics.uci.edu/ml/datasets/OpinRank+Review+Dataset;Text;;;;;2011
Relative location of CT slices on axial axis;https://archive.ics.uci.edu/ml/datasets/Relative+location+of+CT+slices+on+axial+axis;Domain-Theory;Regression;Real;53500;386;2011
Online Handwritten Assamese Characters Dataset;https://archive.ics.uci.edu/ml/datasets/Online+Handwritten+Assamese+Characters+Dataset;Multivariate$Sequential;Classification;Integer;8235;;2011
PubChem Bioassay Data;https://archive.ics.uci.edu/ml/datasets/PubChem+Bioassay+Data;Multivariate;Classification;Integer$Real;;;2011
Record Linkage Comparison Patterns;https://archive.ics.uci.edu/ml/datasets/Record+Linkage+Comparison+Patterns;Multivariate;Classification;Real;5749132;12;2011
Communities and Crime Unnormalized;https://archive.ics.uci.edu/ml/datasets/Communities+and+Crime+Unnormalized;Multivariate;Regression;Real;2215;147;2011
Vertebral Column;https://archive.ics.uci.edu/ml/datasets/Vertebral+Column;Multivariate;Classification;Real;310;6;2011
EMG Physical Action Data Set;https://archive.ics.uci.edu/ml/datasets/EMG+Physical+Action+Data+Set;Time-Series;Classification;Real;10000;8;2011
Vicon Physical Action Data Set;https://archive.ics.uci.edu/ml/datasets/Vicon+Physical+Action+Data+Set;Time-Series;Classification;Real;3000;27;2011
Amazon Commerce reviews set;https://archive.ics.uci.edu/ml/datasets/Amazon+Commerce+reviews+set;Multivariate$Text$Domain-Theory;Classification;Real;1500;10000;2011
Amazon Access Samples;https://archive.ics.uci.edu/ml/datasets/Amazon+Access+Samples;Time-Series$Domain-Theory;Regression$Clustering$Causal-Discovery;;30000;20000;2011
Reuter_50_50;https://archive.ics.uci.edu/ml/datasets/Reuter_50_50;Multivariate$Text$Domain-Theory;Classification$Clustering;Real;2500;10000;2011
Farm Ads;https://archive.ics.uci.edu/ml/datasets/Farm+Ads;Text;Classification;;4143;54877;2011
DBWorld e-mails;https://archive.ics.uci.edu/ml/datasets/DBWorld+e-mails;Text;Classification;;64;4702;2011
KEGG Metabolic Relation Network (Directed);https://archive.ics.uci.edu/ml/datasets/KEGG+Metabolic+Relation+Network+%28Directed%29;Multivariate$Univariate$Text;Classification$Regression$Clustering;Integer$Real;53414;24;2011
KEGG Metabolic Reaction Network (Undirected);https://archive.ics.uci.edu/ml/datasets/KEGG+Metabolic+Reaction+Network+%28Undirected%29;Multivariate$Univariate$Text;Classification$Regression$Clustering;Integer$Real;65554;29;2011
Bank Marketing;https://archive.ics.uci.edu/ml/datasets/Bank+Marketing;Multivariate;Classification;Real;45211;17;2012
YouTube Comedy Slam Preference Data;https://archive.ics.uci.edu/ml/datasets/YouTube+Comedy+Slam+Preference+Data;Text;Classification;;1138562;3;2012
Gas Sensor Array Drift Dataset;https://archive.ics.uci.edu/ml/datasets/Gas+Sensor+Array+Drift+Dataset;Multivariate;Classification;Real;13910;128;2012
ILPD (Indian Liver Patient Dataset);https://archive.ics.uci.edu/ml/datasets/ILPD+%28Indian+Liver+Patient+Dataset%29;Multivariate;Classification;Integer$Real;583;10;2012
OPPORTUNITY Activity Recognition;https://archive.ics.uci.edu/ml/datasets/OPPORTUNITY+Activity+Recognition;Multivariate$Time-Series;Classification;Real;2551;242;2012
Nomao;https://archive.ics.uci.edu/ml/datasets/Nomao;Univariate;Classification;Real;34465;120;2012
SMS Spam Collection;https://archive.ics.uci.edu/ml/datasets/SMS+Spam+Collection;Multivariate$Text$Domain-Theory;Classification$Clustering;Real;5574;;2012
Skin Segmentation;https://archive.ics.uci.edu/ml/datasets/Skin+Segmentation;Univariate;Classification;Real;245057;4;2012
Planning Relax;https://archive.ics.uci.edu/ml/datasets/Planning+Relax;Univariate;Classification;Real;182;13;2012
PAMAP2 Physical Activity Monitoring;https://archive.ics.uci.edu/ml/datasets/PAMAP2+Physical+Activity+Monitoring;Multivariate$Time-Series;Classification;Real;3850505;52;2012
Restaurant & consumer data;https://archive.ics.uci.edu/ml/datasets/Restaurant+%26+consumer+data;Multivariate;;;138;47;2012
CNAE-9;https://archive.ics.uci.edu/ml/datasets/CNAE-9;Multivariate$Text;Classification;Integer;1080;857;2012
Individual household electric power consumption;https://archive.ics.uci.edu/ml/datasets/Individual+household+electric+power+consumption;Multivariate$Time-Series;Regression$Clustering;Real;2075259;9;2012
seeds;https://archive.ics.uci.edu/ml/datasets/seeds;Multivariate;Classification$Clustering;Real;210;7;2012
Northix;https://archive.ics.uci.edu/ml/datasets/Northix;Multivariate$Univariate$Text;Classification;Integer$Real;115;200;2012
QtyT40I10D100K;https://archive.ics.uci.edu/ml/datasets/QtyT40I10D100K;Sequential;;Integer;3960456;4;2012
Legal Case Reports;https://archive.ics.uci.edu/ml/datasets/Legal+Case+Reports;Text;Classification;;;;2012
Human Activity Recognition Using Smartphones;https://archive.ics.uci.edu/ml/datasets/Human+Activity+Recognition+Using+Smartphones;Multivariate$Time-Series;Classification$Clustering;;10299;561;2012
One-hundred plant species leaves data set;https://archive.ics.uci.edu/ml/datasets/One-hundred+plant+species+leaves+data+set;;Classification;Real;1600;64;2012
Energy efficiency;https://archive.ics.uci.edu/ml/datasets/Energy+efficiency;Multivariate;Classification$Regression;Integer$Real;768;8;2012
Yacht Hydrodynamics;https://archive.ics.uci.edu/ml/datasets/Yacht+Hydrodynamics;Multivariate;Regression;Real;308;7;2013
Fertility;https://archive.ics.uci.edu/ml/datasets/Fertility;Multivariate;Classification$Regression;Real;100;10;2013
Daphnet Freezing of Gait;https://archive.ics.uci.edu/ml/datasets/Daphnet+Freezing+of+Gait;Multivariate$Time-Series;Classification;Real;237;9;2013
3D Road Network (North Jutland, Denmark);https://archive.ics.uci.edu/ml/datasets/3D+Road+Network+%28North+Jutland%2C+Denmark%29;Sequential$Text;Regression$Clustering;Real;434874;4;2013
ISTANBUL STOCK EXCHANGE;https://archive.ics.uci.edu/ml/datasets/ISTANBUL+STOCK+EXCHANGE;Multivariate$Univariate$Time-Series;Classification$Regression;Real;536;8;2013
Buzz in social media;https://archive.ics.uci.edu/ml/datasets/Buzz+in+social+media+;Time-Series$Multivariate;Regression$Classification;Integer$Real;140000;77;2013
First-order theorem proving;https://archive.ics.uci.edu/ml/datasets/First-order+theorem+proving;Multivariate;Classification;Real;6118;51;2013
Wearable Computing: Classification of Body Postures and Movements (PUC-Rio);https://archive.ics.uci.edu/ml/datasets/Wearable+Computing%3A+Classification+of+Body+Postures+and+Movements+%28PUC-Rio%29;Sequential;Classification;Integer$Real;165632;18;2013
Gas sensor arrays in open sampling settings;https://archive.ics.uci.edu/ml/datasets/Gas+sensor+arrays+in+open+sampling+settings;Multivariate$Time-Series;Classification;Real;18000;1950000;2013
Climate Model Simulation Crashes;https://archive.ics.uci.edu/ml/datasets/Climate+Model+Simulation+Crashes;Multivariate;Classification;Real;540;18;2013
MicroMass;https://archive.ics.uci.edu/ml/datasets/MicroMass;Multivariate;Classification;Real;931;1300;2013
QSAR biodegradation;https://archive.ics.uci.edu/ml/datasets/QSAR+biodegradation;Multivariate;Classification;Integer$Real;1055;41;2013
BLOGGER;https://archive.ics.uci.edu/ml/datasets/BLOGGER;Multivariate;Classification;;100;6;2013
Daily and Sports Activities;https://archive.ics.uci.edu/ml/datasets/Daily+and+Sports+Activities;Multivariate$Time-Series;Classification$Clustering;Real;9120;5625;2013
User Knowledge Modeling;https://archive.ics.uci.edu/ml/datasets/User+Knowledge+Modeling;Multivariate;Classification$Clustering;Integer;403;5;2013
Reuters RCV1 RCV2 Multilingual, Multiview Text Categorization Test collection;https://archive.ics.uci.edu/ml/datasets/Reuters+RCV1+RCV2+Multilingual%2C+Multiview+Text+Categorization+Test+collection;Multivariate;Classification;Real;111740;;2013
NYSK;https://archive.ics.uci.edu/ml/datasets/NYSK;Multivariate$Sequential$Text;Clustering;;10421;7;2013
Turkiye Student Evaluation;https://archive.ics.uci.edu/ml/datasets/Turkiye+Student+Evaluation;Multivariate;Classification$Clustering;;5820;33;2013
ser Knowledge Modeling Data (Students' Knowledge Levels on DC Electrical Machines);https://archive.ics.uci.edu/ml/datasets/ser+Knowledge+Modeling+Data+%28Students%27+Knowledge+Levels+on+DC+Electrical+Machines%29;Multivariate;Classification;Real;403;5;2013
EEG Eye State;https://archive.ics.uci.edu/ml/datasets/EEG+Eye+State;Multivariate$Sequential$Time-Series;Classification;Integer$Real;14980;15;2013
Physicochemical Properties of Protein Tertiary Structure;https://archive.ics.uci.edu/ml/datasets/Physicochemical+Properties+of+Protein+Tertiary+Structure;Multivariate;Regression;Real;45730;9;2013
seismic-bumps;https://archive.ics.uci.edu/ml/datasets/seismic-bumps;Multivariate;Classification;Real;2584;19;2013
banknote authentication;https://archive.ics.uci.edu/ml/datasets/banknote+authentication;Multivariate;Classification;Real;1372;5;2013
USPTO Algorithm Challenge, run by NASA-Harvard Tournament Lab and TopCoder    Problem: Pat;https://archive.ics.uci.edu/ml/datasets/USPTO+Algorithm+Challenge%2C+run+by+NASA-Harvard+Tournament+Lab+and+TopCoder++++Problem%3A+Pat;Domain-Theory;Classification;Integer;306;5;2013
YouTube Multiview Video Games Dataset;https://archive.ics.uci.edu/ml/datasets/YouTube+Multiview+Video+Games+Dataset;Multivariate$Text;Classification$Clustering;Integer$Real;120000;1000000;2013
Gas Sensor Array Drift Dataset at Different Concentrations;https://archive.ics.uci.edu/ml/datasets/Gas+Sensor+Array+Drift+Dataset+at+Different+Concentrations;Multivariate$Time-Series;Classification$Regression$Clustering$Causa;Real;13910;129;2013
Activities of Daily Living (ADLs) Recognition Using Binary Sensors;https://archive.ics.uci.edu/ml/datasets/Activities+of+Daily+Living+%28ADLs%29+Recognition+Using+Binary+Sensors;Multivariate$Sequential$Time-Series;Classification$Clustering;;2747;;2013
SkillCraft1 Master Table Dataset;https://archive.ics.uci.edu/ml/datasets/SkillCraft1+Master+Table+Dataset;Multivariate;Regression;Integer$Real;3395;20;2013
Weight Lifting Exercises monitored with Inertial Measurement Units;https://archive.ics.uci.edu/ml/datasets/Weight+Lifting+Exercises+monitored+with+Inertial+Measurement+Units;Multivariate;Classification;Real;39242;152;2013
SML2010;https://archive.ics.uci.edu/ml/datasets/SML2010;Multivariate$Sequential$Time-Series$Text;Regression;Real;4137;24;2014
Bike Sharing Dataset;https://archive.ics.uci.edu/ml/datasets/Bike+Sharing+Dataset;Univariate;Regression;Integer$Real;17389;16;2013
Predict keywords activities in a online social media;https://archive.ics.uci.edu/ml/datasets/Predict+keywords+activities+in+a+online+social+media;Multivariate$Sequential$Time-Series;;Integer$Real;51;35;2013
Thoracic Surgery Data;https://archive.ics.uci.edu/ml/datasets/Thoracic+Surgery+Data;Multivariate;Classification;Integer$Real;470;17;2013
EMG dataset in Lower Limb;https://archive.ics.uci.edu/ml/datasets/EMG+dataset+in+Lower+Limb;Multivariate$Time-Series;;Real;132;5;2014
SUSY;https://archive.ics.uci.edu/ml/datasets/SUSY;;Classification;Real;5000000;18;2014
HIGGS;https://archive.ics.uci.edu/ml/datasets/HIGGS;;Classification;Real;11000000;28;2014
Qualitative_Bankruptcy;https://archive.ics.uci.edu/ml/datasets/Qualitative_Bankruptcy;Multivariate;Classification;;250;7;2014
LSVT Voice Rehabilitation;https://archive.ics.uci.edu/ml/datasets/LSVT+Voice+Rehabilitation;Multivariate;Classification;Real;126;309;2014
Dataset for ADL Recognition with Wrist-worn Accelerometer;https://archive.ics.uci.edu/ml/datasets/Dataset+for+ADL+Recognition+with+Wrist-worn+Accelerometer;Multivariate$Time-Series;Classification$Clustering;;;3;2014
Wilt;https://archive.ics.uci.edu/ml/datasets/Wilt;Multivariate;Classification;;4889;6;2014
User Identification From Walking Activity;https://archive.ics.uci.edu/ml/datasets/User+Identification+From+Walking+Activity;Univariate$Sequential$Time-Series;Classification$Clustering;Real;;;2014
Activity Recognition from Single Chest-Mounted Accelerometer;https://archive.ics.uci.edu/ml/datasets/Activity+Recognition+from+Single+Chest-Mounted+Accelerometer;Univariate$Sequential$Time-Series;Classification$Clustering;Real;;;2014
Leaf;https://archive.ics.uci.edu/ml/datasets/Leaf;Multivariate;Classification;Real;340;16;2014
Dresses_Attribute_Sales;https://archive.ics.uci.edu/ml/datasets/Dresses_Attribute_Sales;Text;Classification$Clustering;;501;13;2014
Tamilnadu Electricity Board Hourly Readings;https://archive.ics.uci.edu/ml/datasets/Tamilnadu+Electricity+Board+Hourly+Readings;Multivariate;Classification$Regression$Clustering;Real;45781;5;2013
Airfoil Self-Noise;https://archive.ics.uci.edu/ml/datasets/Airfoil+Self-Noise;Multivariate;Regression;Real;1503;6;2014
Wholesale customers;https://archive.ics.uci.edu/ml/datasets/Wholesale+customers;Multivariate;Classification$Clustering;Integer;440;8;2014
Twitter Data set for Arabic Sentiment Analysis;https://archive.ics.uci.edu/ml/datasets/Twitter+Data+set+for+Arabic+Sentiment+Analysis;Text;Classification;;2000;2;2014
Combined Cycle Power Plant;https://archive.ics.uci.edu/ml/datasets/Combined+Cycle+Power+Plant;Multivariate;Regression;Real;9568;4;2014
Urban Land Cover;https://archive.ics.uci.edu/ml/datasets/Urban+Land+Cover;Multivariate;Classification;;168;148;2014
Diabetes 130-US hospitals for years 1999-2008;https://archive.ics.uci.edu/ml/datasets/Diabetes+130-US+hospitals+for+years+1999-2008;Multivariate;Classification$Clustering;Integer;100000;55;2014
Bach Choral Harmony;https://archive.ics.uci.edu/ml/datasets/Bach+Choral+Harmony;Sequential;Classification;;5665;17;2014
StoneFlakes;https://archive.ics.uci.edu/ml/datasets/StoneFlakes;Multivariate;Classification$Clustering$Causal-Discovery;Real;79;8;2014
Tennis Major Tournament Match Statistics;https://archive.ics.uci.edu/ml/datasets/Tennis+Major+Tournament+Match+Statistics;Multivariate;Classification$Regression$Clustering;Integer$Real;127;42;2014
Parkinson Speech Dataset with  Multiple Types of Sound Recordings;https://archive.ics.uci.edu/ml/datasets/Parkinson+Speech+Dataset+with++Multiple+Types+of+Sound+Recordings;Multivariate;Classification$Regression;Integer$Real;1040;26;2014
Gesture Phase Segmentation;https://archive.ics.uci.edu/ml/datasets/Gesture+Phase+Segmentation;Multivariate$Sequential$Time-Series;Classification$Clustering;Real;9900;50;2014
Perfume Data;https://archive.ics.uci.edu/ml/datasets/Perfume+Data;Univariate$Domain-Theory;Classification$Clustering;Integer;560;2;2014
BlogFeedback;https://archive.ics.uci.edu/ml/datasets/BlogFeedback;Multivariate;Regression;Integer$Real;60021;281;2014
REALDISP Activity Recognition Dataset;https://archive.ics.uci.edu/ml/datasets/REALDISP+Activity+Recognition+Dataset;Multivariate$Time-Series;Classification;Real;1419;120;2014
Newspaper and magazine images segmentation dataset;https://archive.ics.uci.edu/ml/datasets/Newspaper+and+magazine+images+segmentation+dataset;;Classification;;101;;2014
AAAI 2014 Accepted Papers;https://archive.ics.uci.edu/ml/datasets/AAAI+2014+Accepted+Papers;Multivariate;Clustering;;399;6;2014
Gas sensor array under flow modulation;https://archive.ics.uci.edu/ml/datasets/Gas+sensor+array+under+flow+modulation;Multivariate$Time-Series;Classification$Regression;Real;58;120432;2014
Gas sensor array exposed to turbulent gas mixtures;https://archive.ics.uci.edu/ml/datasets/Gas+sensor+array+exposed+to+turbulent+gas+mixtures;Multivariate$Time-Series;Classification$Regression;Real;180;150000;2014
UJIIndoorLoc;https://archive.ics.uci.edu/ml/datasets/UJIIndoorLoc;Multivariate;Classification$Regression;Integer$Real;21048;529;2014
Sentence Classification;https://archive.ics.uci.edu/ml/datasets/Sentence+Classification;Text;Classification;Integer;;;2014
Dow Jones Index;https://archive.ics.uci.edu/ml/datasets/Dow+Jones+Index;Time-Series;Classification$Clustering;Integer$Real;750;16;2014
sEMG for Basic Hand movements;https://archive.ics.uci.edu/ml/datasets/sEMG+for+Basic+Hand+movements;Time-Series;Classification;Real;3000;2500;2014
AAAI 2013 Accepted Papers;https://archive.ics.uci.edu/ml/datasets/AAAI+2013+Accepted+Papers;Multivariate;Clustering;;150;5;2014
Geographical Original of Music;https://archive.ics.uci.edu/ml/datasets/Geographical+Original+of+Music;Multivariate;Classification$Regression;Real;1059;68;2014
Condition Based Maintenance of Naval Propulsion Plants;https://archive.ics.uci.edu/ml/datasets/Condition+Based+Maintenance+of+Naval+Propulsion+Plants;Multivariate;Regression;Real;11934;16;2014
Grammatical Facial Expressions;https://archive.ics.uci.edu/ml/datasets/Grammatical+Facial+Expressions;Multivariate$Sequential;Classification$Clustering;Real;27965;100;2014
NoisyOffice;https://archive.ics.uci.edu/ml/datasets/NoisyOffice;Multivariate;Classification$Regression;Real;216;216;2015
MHEALTH Dataset;https://archive.ics.uci.edu/ml/datasets/MHEALTH+Dataset;Multivariate$Time-Series;Classification;Real;120;23;2014
Student Performance;https://archive.ics.uci.edu/ml/datasets/Student+Performance;Multivariate;Classification$Regression;Integer;649;33;2014
ElectricityLoadDiagrams20112014;https://archive.ics.uci.edu/ml/datasets/ElectricityLoadDiagrams20112014;Time-Series;Regression$Clustering;Real;370;140256;2015
Gas sensor array under dynamic gas mixtures;https://archive.ics.uci.edu/ml/datasets/Gas+sensor+array+under+dynamic+gas+mixtures;Multivariate$Time-Series;Classification$Regression;Real;4178504;19;2015
microblogPCU;https://archive.ics.uci.edu/ml/datasets/microblogPCU;Multivariate$Univariate$Sequential$Text;Classification$Causal-Discovery;Integer$Real;221579;20;2015
Firm-Teacher_Clave-Direction_Classification;https://archive.ics.uci.edu/ml/datasets/Firm-Teacher_Clave-Direction_Classification;Multivariate;Classification;;10800;20;2015
Dataset for Sensorless Drive Diagnosis;https://archive.ics.uci.edu/ml/datasets/Dataset+for+Sensorless+Drive+Diagnosis;Multivariate;Classification;Real;58509;49;2015
TV News Channel Commercial Detection Dataset;https://archive.ics.uci.edu/ml/datasets/TV+News+Channel+Commercial+Detection+Dataset;Multivariate;Classification$Clustering;Real;129685;12;2015
Phishing Websites;https://archive.ics.uci.edu/ml/datasets/Phishing+Websites;;Classification;Integer;2456;30;2015
Greenhouse Gas Observing Network;https://archive.ics.uci.edu/ml/datasets/Greenhouse+Gas+Observing+Network;Multivariate$Time-Series;Regression;Real;2921;5232;2015
Diabetic Retinopathy Debrecen Data Set;https://archive.ics.uci.edu/ml/datasets/Diabetic+Retinopathy+Debrecen+Data+Set;Multivariate;Classification;Integer$Real;1151;20;2014
HIV-1 protease cleavage;https://archive.ics.uci.edu/ml/datasets/HIV-1+protease+cleavage;Multivariate;Classification;Categorical;6590;1;2015
Sentiment Labelled Sentences;https://archive.ics.uci.edu/ml/datasets/Sentiment+Labelled+Sentences;Text;Classification;;3000;;2015
Online News Popularity;https://archive.ics.uci.edu/ml/datasets/Online+News+Popularity;Multivariate;Classification$Regression;Integer$Real;39797;61;2015
Forest type mapping;https://archive.ics.uci.edu/ml/datasets/Forest+type+mapping;Multivariate;Classification;;326;27;2015
wiki4HE;https://archive.ics.uci.edu/ml/datasets/wiki4HE;Multivariate;Regression$Clustering$Causal-Discovery;;913;53;2015
Online Video Characteristics and Transcoding Time Dataset;https://archive.ics.uci.edu/ml/datasets/Online+Video+Characteristics+and+Transcoding+Time+Dataset;Multivariate;Regression;Integer$Real;168286;11;2015
Chronic_Kidney_Disease;https://archive.ics.uci.edu/ml/datasets/Chronic_Kidney_Disease;Multivariate;Classification;Real;400;25;2015
Machine Learning based ZZAlpha Ltd. Stock Recommendations 2012-2014;https://archive.ics.uci.edu/ml/datasets/Machine+Learning+based+ZZAlpha+Ltd.+Stock+Recommendations+2012-2014;Sequential$Time-Series;Classification;Real;314080;0;2015
Folio;https://archive.ics.uci.edu/ml/datasets/Folio;Multivariate;Classification$Clustering;;637;20;2015
Taxi Service Trajectory - Prediction Challenge, ECML PKDD 2015;https://archive.ics.uci.edu/ml/datasets/Taxi+Service+Trajectory+-+Prediction+Challenge%2C+ECML+PKDD+2015;Multivariate$Sequential$Time-Series$Domain-Theory;Clustering$Causal-Discovery;Real;1710671;9;2015
Cuff-Less Blood Pressure Estimation;https://archive.ics.uci.edu/ml/datasets/Cuff-Less+Blood+Pressure+Estimation;Multivariate;Classification$Regression;Real;12000;3;2015
Smartphone-Based Recognition of Human Activities and Postural Transitions;https://archive.ics.uci.edu/ml/datasets/Smartphone-Based+Recognition+of+Human+Activities+and+Postural+Transitions;Multivariate$Time-Series;Classification;Real;10929;561;2015
Mice Protein Expression;https://archive.ics.uci.edu/ml/datasets/Mice+Protein+Expression;Multivariate;Classification$Clustering;Real;1080;82;2015
UJIIndoorLoc-Mag;https://archive.ics.uci.edu/ml/datasets/UJIIndoorLoc-Mag;Multivariate$Sequential$Time-Series;Classification$Regression$Clustering;Integer$Real;40000;13;2015
Heterogeneity Activity Recognition;https://archive.ics.uci.edu/ml/datasets/Heterogeneity+Activity+Recognition;Multivariate$Time-Series;Classification$Clustering;Real;43930257;16;2015
Educational Process Mining (EPM): A Learning Analytics Data Set;https://archive.ics.uci.edu/ml/datasets/Educational+Process+Mining+%28EPM%29%3A+A+Learning+Analytics+Data+Set;Multivariate$Sequential$Time-Series;Classification$Regression$Clustering;Integer;230318;13;2015
HEPMASS;https://archive.ics.uci.edu/ml/datasets/HEPMASS;Multivariate;Classification;Real;10500000;28;2016
Indoor User Movement Prediction from RSS data;https://archive.ics.uci.edu/ml/datasets/Indoor+User+Movement+Prediction+from+RSS+data;Multivariate$Sequential$Time-Series;Classification;Real;13197;4;2016
Open University Learning Analytics dataset;https://archive.ics.uci.edu/ml/datasets/Open+University+Learning+Analytics+dataset;Multivariate$Sequential$Time-Series;Classification$Regression$Clustering;Integer;;;2015
default of credit card clients;https://archive.ics.uci.edu/ml/datasets/default+of+credit+card+clients;Multivariate;Classification;Integer$Real;30000;24;2016
Mesotheliomas disease data set;https://archive.ics.uci.edu/ml/datasets/Mesothelioma%E2%80%99s+disease+data+set+;Multivariate;Classification;Real;324;34;2016
Online Retail;https://archive.ics.uci.edu/ml/datasets/Online+Retail;Multivariate$Sequential$Time-Series;Classification$Clustering;Integer$Real;541909;8;2015
SIFT10M;https://archive.ics.uci.edu/ml/datasets/SIFT10M;Multivariate;Causal-Discovery;Integer;11164866;128;2016
GPS Trajectories;https://archive.ics.uci.edu/ml/datasets/GPS+Trajectories;Multivariate;Classification$Regression;Real;163;15;2016
Detect Malacious Executable(AntiVirus);https://archive.ics.uci.edu/ml/datasets/Detect+Malacious+Executable%28AntiVirus%29;Multivariate;Classification;Real;373;513;2016
Occupancy Detection;https://archive.ics.uci.edu/ml/datasets/Occupancy+Detection+;Multivariate$Time-Series;Classification;Real;20560;7;2016
Improved Spiral Test Using Digitized Graphics Tablet for Monitoring Parkinsons Disease;https://archive.ics.uci.edu/ml/datasets/Improved+Spiral+Test+Using+Digitized+Graphics+Tablet+for+Monitoring+Parkinson%E2%80%99s+Disease;Multivariate;Classification$Regression$Clustering;Real;40;7;2016
News Aggregator;https://archive.ics.uci.edu/ml/datasets/News+Aggregator;Multivariate;Classification$Clustering;;422937;5;2016
Air Quality;https://archive.ics.uci.edu/ml/datasets/Air+Quality;Multivariate$Time-Series;Regression;Real;9358;15;2016
Twin gas sensor arrays;https://archive.ics.uci.edu/ml/datasets/Twin+gas+sensor+arrays;Multivariate$Time-Series$Domain-Theory;Classification$Regression;Real;640;480000;2016
Gas sensors for home activity monitoring;https://archive.ics.uci.edu/ml/datasets/Gas+sensors+for+home+activity+monitoring;Multivariate$Time-Series;Classification;Real;919438;11;2016
Facebook Comment Volume Dataset;https://archive.ics.uci.edu/ml/datasets/Facebook+Comment+Volume+Dataset;Multivariate;Regression;Integer$Real;40949;54;2016
Smartphone Dataset for Human Activity Recognition (HAR) in Ambient Assisted Living (AAL);https://archive.ics.uci.edu/ml/datasets/Smartphone+Dataset+for+Human+Activity+Recognition+%28HAR%29+in+Ambient+Assisted+Living+%28AAL%29;Time-Series;Classification;Real;5744;561;2016
Polish companies bankruptcy data;https://archive.ics.uci.edu/ml/datasets/Polish+companies+bankruptcy+data;Multivariate;Classification;Real;10503;64;2016
Activity Recognition system based on Multisensor data fusion (AReM);https://archive.ics.uci.edu/ml/datasets/Activity+Recognition+system+based+on+Multisensor+data+fusion+%28AReM%29;Multivariate$Sequential$Time-Series;Classification;Real;42240;6;2016
Dota2 Games Results;https://archive.ics.uci.edu/ml/datasets/Dota2+Games+Results;Multivariate;Classification;;102944;116;2016
Facebook metrics;https://archive.ics.uci.edu/ml/datasets/Facebook+metrics;Multivariate;Regression;Integer;500;19;2016
UbiqLog (smartphone lifelogging);https://archive.ics.uci.edu/ml/datasets/UbiqLog+%28smartphone+lifelogging%29;Multivariate;Causal-Discovery;;9782222;;2016
NIPS Conference Papers 1987-2015;https://archive.ics.uci.edu/ml/datasets/NIPS+Conference+Papers+1987-2015;Text;Clustering;Integer;11463;5812;2016
HTRU2;https://archive.ics.uci.edu/ml/datasets/HTRU2;Multivariate;Classification$Clustering;Real;17898;9;2017
Drug consumption (quantified);https://archive.ics.uci.edu/ml/datasets/Drug+consumption+%28quantified%29;Multivariate;Classification;Real;1885;32;2016
Appliances energy prediction;https://archive.ics.uci.edu/ml/datasets/Appliances+energy+prediction;Multivariate$Time-Series;Regression;Real;19735;29;2017
Miskolc IIS Hybrid IPS;https://archive.ics.uci.edu/ml/datasets/Miskolc+IIS+Hybrid+IPS;Text;Classification$Clustering$Causal-Discovery;Integer;1540;67;2016
KDC-4007 dataset Collection;https://archive.ics.uci.edu/ml/datasets/KDC-4007+dataset+Collection;Multivariate$Text;Classification$Regression;Integer;4007;;2017
Geo-Magnetic field and WLAN dataset for indoor localisation from wristband and smartphone;https://archive.ics.uci.edu/ml/datasets/Geo-Magnetic+field+and+WLAN+dataset+for+indoor+localisation+from+wristband+and+smartphone;Multivariate$Sequential$Time-Series;Classification$Regression$Clustering;Integer$Real;153540;25;2017
DrivFace;https://archive.ics.uci.edu/ml/datasets/DrivFace;Multivariate;Classification$Regression$Clustering;Real;606;6400;2016
Website Phishing;https://archive.ics.uci.edu/ml/datasets/Website+Phishing;Multivariate;Classification;Integer;1353;10;2016
YouTube Spam Collection;https://archive.ics.uci.edu/ml/datasets/YouTube+Spam+Collection;Text;Classification;;1956;5;2017
Beijing PM2.5 Data;https://archive.ics.uci.edu/ml/datasets/Beijing+PM2.5+Data;Multivariate$Time-Series;Regression;Integer$Real;43824;13;2017
Cargo 2000 Freight Tracking and Tracing;https://archive.ics.uci.edu/ml/datasets/Cargo+2000+Freight+Tracking+and+Tracing;Multivariate$Sequential;Classification$Regression;Integer;3942;98;2016
Cervical cancer (Risk Factors);https://archive.ics.uci.edu/ml/datasets/Cervical+cancer+%28Risk+Factors%29;Multivariate;Classification;Integer$Real;858;36;2017
Quality Assessment of Digital Colposcopies;https://archive.ics.uci.edu/ml/datasets/Quality+Assessment+of+Digital+Colposcopies;Multivariate;Classification;Real;287;69;2017
KASANDR;https://archive.ics.uci.edu/ml/datasets/KASANDR;Multivariate;Causal-Discovery;Integer;17764280;2158859;2017
FMA: A Dataset For Music Analysis;https://archive.ics.uci.edu/ml/datasets/FMA%3A+A+Dataset+For+Music+Analysis;Multivariate$Time-Series;Classification$Clustering;Real;106574;518;2017
Air quality;https://archive.ics.uci.edu/ml/datasets/Air+quality;Multivariate$Time-Series;Regression;Real;9358;15;2016
Epileptic Seizure Recognition;https://archive.ics.uci.edu/ml/datasets/Epileptic+Seizure+Recognition;Multivariate$Time-Series;Classification$Clustering;Integer$Real;11500;179;2017
Devanagari Handwritten Character Dataset;https://archive.ics.uci.edu/ml/datasets/Devanagari+Handwritten+Character+Dataset;;Classification;Integer;92000;;2016
Stock portfolio performance;https://archive.ics.uci.edu/ml/datasets/Stock+portfolio+performance;Multivariate;Regression;Real;315;12;2016
MoCap Hand Postures;https://archive.ics.uci.edu/ml/datasets/MoCap+Hand+Postures;Multivariate;Classification$Clustering;Integer$Real;78095;38;2016
Early biomarkers of Parkinsons disease based on natural connected speech;https://archive.ics.uci.edu/ml/datasets/Early+biomarkers+of+Parkinson%92s+disease+based+on+natural+connected+speech;Multivariate;Classification$Regression;Integer$Real;130;65;2017
Data for Software Engineering Teamwork Assessment in Education Setting;https://archive.ics.uci.edu/ml/datasets/Data+for+Software+Engineering+Teamwork+Assessment+in+Education+Setting;Sequential$Time-Series;Classification;Integer$Real;74;102;2017
PM2.5 Data of Five Chinese Cities;https://archive.ics.uci.edu/ml/datasets/PM2.5+Data+of+Five+Chinese+Cities;Multivariate$Time-Series;Regression;Integer$Real;52854;86;2017
Parkinson Disease Spiral Drawings Using Digitized Graphics Tablet;https://archive.ics.uci.edu/ml/datasets/Parkinson+Disease+Spiral+Drawings+Using+Digitized+Graphics+Tablet;Multivariate;Classification$Regression$Clustering;Integer;77;7;2017
Sales_Transactions_Dataset_Weekly;https://archive.ics.uci.edu/ml/datasets/Sales_Transactions_Dataset_Weekly;Multivariate$Time-Series;Clustering;Integer$Real;811;53;2017
Las Vegas Strip;https://archive.ics.uci.edu/ml/datasets/Las+Vegas+Strip;;Classification$Regression;Integer;504;20;2017
Eco-hotel;https://archive.ics.uci.edu/ml/datasets/Eco-hotel;Text;;;401;1;2017
MEU-Mobile KSD;https://archive.ics.uci.edu/ml/datasets/MEU-Mobile+KSD;Multivariate;Classification;Integer$Real;2856;71;2016
Crowdsourced Mapping;https://archive.ics.uci.edu/ml/datasets/Crowdsourced+Mapping;Multivariate;Classification;;10546;29;2016
gene expression cancer RNA-Seq;https://archive.ics.uci.edu/ml/datasets/gene+expression+cancer+RNA-Seq;Multivariate;Classification$Clustering;Real;801;20531;2016
Hybrid Indoor Positioning Dataset from WiFi RSSI, Bluetooth and magnetometer;https://archive.ics.uci.edu/ml/datasets/Hybrid+Indoor+Positioning+Dataset+from+WiFi+RSSI%2C+Bluetooth+and+magnetometer;Multivariate$Sequential$Time-Series;Classification;Real;1540;65;2016
chestnut  LARVIC;https://archive.ics.uci.edu/ml/datasets/chestnut+%E2%80%93+LARVIC;;Classification$Clustering;;1451;3;2017
Burst Header Packet (BHP) flooding attack on Optical Burst Switching (OBS) Network;https://archive.ics.uci.edu/ml/datasets/Burst+Header+Packet+%28BHP%29+flooding+attack+on+Optical+Burst+Switching+%28OBS%29+Network;Text;Classification;Integer;1075;22;2017
Motion Capture Hand Postures;https://archive.ics.uci.edu/ml/datasets/Motion+Capture+Hand+Postures;Multivariate;Classification$Clustering;Real;78095;38;2017
Anuran Calls (MFCCs);https://archive.ics.uci.edu/ml/datasets/Anuran+Calls+%28MFCCs%29;Multivariate;Classification$Clustering;Real;7195;22;2017
TTC-3600: Benchmark dataset for Turkish text categorization;https://archive.ics.uci.edu/ml/datasets/TTC-3600%3A+Benchmark+dataset+for+Turkish+text+categorization;Text;Classification$Clustering;Integer;3600;4814;2017
Gastrointestinal Lesions in Regular Colonoscopy;https://archive.ics.uci.edu/ml/datasets/Gastrointestinal+Lesions+in+Regular+Colonoscopy;Multivariate;Classification;Real;76;698;2016
Daily Demand Forecasting Orders;https://archive.ics.uci.edu/ml/datasets/Daily+Demand+Forecasting+Orders;Time-Series;Regression;Integer;60;13;2017
Paper Reviews;https://archive.ics.uci.edu/ml/datasets/Paper+Reviews;Text;Classification$Regression;Integer;405;10;2017
extention of Z-Alizadeh sani dataset;https://archive.ics.uci.edu/ml/datasets/extention+of+Z-Alizadeh+sani+dataset;;Classification;Integer$Real;303;59;2017
Z-Alizadeh Sani;https://archive.ics.uci.edu/ml/datasets/Z-Alizadeh+Sani;;Classification;Integer$Real;303;56;2017
Dynamic Features of VirusShare Executables;https://archive.ics.uci.edu/ml/datasets/Dynamic+Features+of+VirusShare+Executables;Multivariate$Time-Series;Classification$Regression;Integer;107888;482;2017
IDA2016Challenge;https://archive.ics.uci.edu/ml/datasets/IDA2016Challenge;Multivariate;Classification;Integer;76000;171;2017
DSRC Vehicle Communications;https://archive.ics.uci.edu/ml/datasets/DSRC+Vehicle+Communications;Sequential$Text;Clustering;Real;10000;5;2017
Mturk User-Perceived Clusters over Images;https://archive.ics.uci.edu/ml/datasets/Mturk+User-Perceived+Clusters+over+Images;Multivariate$Text;Clustering;Integer;180;500;2016
Character Font Images;https://archive.ics.uci.edu/ml/datasets/Character+Font+Images;Multivariate;Classification;Integer$Real;745000;411;2016
DeliciousMIL: A Data Set for Multi-Label Multi-Instance Learning with Instance Labels;https://archive.ics.uci.edu/ml/datasets/DeliciousMIL%3A+A+Data+Set+for+Multi-Label+Multi-Instance+Learning+with+Instance+Labels;Text;Classification;Integer;12234;8519;2016
Autistic Spectrum Disorder Screening Data for Children;https://archive.ics.uci.edu/ml/datasets/Autistic+Spectrum+Disorder+Screening+Data+for+Children++;Multivariate;Classification;Integer;292;21;2017
Autistic Spectrum Disorder Screening Data for Adolescent;https://archive.ics.uci.edu/ml/datasets/Autistic+Spectrum+Disorder+Screening+Data+for+Adolescent+++;Multivariate;Classification;Integer;104;21;2017
APS Failure at Scania Trucks;https://archive.ics.uci.edu/ml/datasets/APS+Failure+at+Scania+Trucks;Multivariate;Classification;Integer$Real;60000;171;2017
Wireless Indoor Localization;https://archive.ics.uci.edu/ml/datasets/Wireless+Indoor+Localization;Multivariate;Classification;Real;2000;7;2017
HCC Survival;https://archive.ics.uci.edu/ml/datasets/HCC+Survival;Multivariate;Classification;Integer$Real;165;49;2017
CSM (Conventional and Social Media Movies) Dataset 2014 and 2015;https://archive.ics.uci.edu/ml/datasets/CSM+%28Conventional+and+Social+Media+Movies%29+Dataset+2014+and+2015;Multivariate;Classification$Regression;Integer;217;12;2017
University of Tehran Question Dataset 2016 (UTQD.2016);https://archive.ics.uci.edu/ml/datasets/University+of+Tehran+Question+Dataset+2016+%28UTQD.2016%29;Text;Classification;;1175;3;2017
Autism Screening Adult;https://archive.ics.uci.edu/ml/datasets/Autism+Screening+Adult;;Classification;Integer;704;21;2017
Activity recognition with healthy older people using a batteryless wearable sensor;https://archive.ics.uci.edu/ml/datasets/Activity+recognition+with+healthy+older+people+using+a+batteryless+wearable+sensor;Sequential;Classification;Real;75128;9;2016
Immunotherapy Dataset;https://archive.ics.uci.edu/ml/datasets/Immunotherapy+Dataset;Univariate;Classification;Integer$Real;90;8;2018
Cryotherapy Dataset;https://archive.ics.uci.edu/ml/datasets/Cryotherapy+Dataset+;Univariate;Classification;Integer$Real;90;7;2018
OCT data & Color Fundus Images of Left & Right Eyes;https://archive.ics.uci.edu/ml/datasets/OCT+data+%26+Color+Fundus+Images+of+Left+%26+Right+Eyes;Multivariate;Classification;Real;50;2;2016
Discrete Tone Image Dataset;https://archive.ics.uci.edu/ml/datasets/Discrete+Tone+Image+Dataset;Multivariate;Classification;;71;11;2018
News Popularity in Multiple Social Media Platforms;https://archive.ics.uci.edu/ml/datasets/News+Popularity+in+Multiple+Social+Media+Platforms;Multivariate$Time-Series$Text;Regression;Integer$Real;93239;11;2018
Ultrasonic flowmeter diagnostics;https://archive.ics.uci.edu/ml/datasets/Ultrasonic+flowmeter+diagnostics;Multivariate;Classification;Real;540;173;2018
ICMLA 2014 Accepted Papers Data Set;https://archive.ics.uci.edu/ml/datasets/ICMLA+2014+Accepted+Papers+Data+Set;Multivariate;Classification$Clustering;;105;5;2018
BLE RSSI Dataset for Indoor localization and Navigation;https://archive.ics.uci.edu/ml/datasets/BLE+RSSI+Dataset+for+Indoor+localization+and+Navigation;Multivariate$Sequential$Time-Series;Classification$Clustering;Integer;6611;15;2018
Container Crane Controller Data Set;https://archive.ics.uci.edu/ml/datasets/Container+Crane+Controller+Data+Set;Univariate$Domain-Theory;Classification$Regression;Real;15;3;2018
Residential Building Data Set;https://archive.ics.uci.edu/ml/datasets/Residential+Building+Data+Set;Multivariate;Regression;Real;372;105;2018
Health News in Twitter;https://archive.ics.uci.edu/ml/datasets/Health+News+in+Twitter;Text;Clustering;Real;58000;25000;2018
chipseq;https://archive.ics.uci.edu/ml/datasets/chipseq;Sequential;Classification;Integer;4960;;2018
SGEMM GPU kernel performance;https://archive.ics.uci.edu/ml/datasets/SGEMM+GPU+kernel+performance;Multivariate;Regression;Integer;241600;18;2018
Repeat Consumption Matrices;https://archive.ics.uci.edu/ml/datasets/Repeat+Consumption+Matrices;Multivariate;Clustering;Real;130000;21000;2018
detection_of_IoT_botnet_attacks_N_BaIoT;https://archive.ics.uci.edu/ml/datasets/detection_of_IoT_botnet_attacks_N_BaIoT;Multivariate$Sequential;Classification$Clustering;Real;7062606;115;2018
Absenteeism at work;https://archive.ics.uci.edu/ml/datasets/Absenteeism+at+work;Multivariate$Time-Series;Classification$Clustering;Integer$Real;740;21;2018
SCADI;https://archive.ics.uci.edu/ml/datasets/SCADI;Multivariate;Classification$Clustering;;70;206;2018
Condition monitoring of hydraulic systems;https://archive.ics.uci.edu/ml/datasets/Condition+monitoring+of+hydraulic+systems;Multivariate$Time-Series;Classification$Regression;Real;2205;43680;2018
Carbon Nanotubes;https://archive.ics.uci.edu/ml/datasets/Carbon+Nanotubes;Univariate;Regression;Real;10721;8;2018
Optical Interconnection Network;https://archive.ics.uci.edu/ml/datasets/Optical+Interconnection+Network+;Multivariate;Classification$Regression;Integer$Real;640;10;2018
Sports articles for objectivity analysis;https://archive.ics.uci.edu/ml/datasets/Sports+articles+for+objectivity+analysis;Multivariate$Text;Classification;Integer;1000;59;2018
Breast Cancer Coimbra;https://archive.ics.uci.edu/ml/datasets/Breast+Cancer+Coimbra;Multivariate;Classification;Integer;116;10;2018
GNFUV Unmanned Surface Vehicles Sensor Data;https://archive.ics.uci.edu/ml/datasets/GNFUV+Unmanned+Surface+Vehicles+Sensor+Data;Multivariate$Time-Series;Regression;Real;1672;5;2018
Dishonest Internet users Dataset;https://archive.ics.uci.edu/ml/datasets/Dishonest+Internet+users+Dataset;Multivariate;Classification$Clustering;;322;5;2018
Victorian Era Authorship Attribution;https://archive.ics.uci.edu/ml/datasets/Victorian+Era+Authorship+Attribution;Text;Classification;;93600;1000;2018
Simulated Falls and Daily Living Activities Data Set;https://archive.ics.uci.edu/ml/datasets/Simulated+Falls+and+Daily+Living+Activities+Data+Set;Time-Series;Classification;Integer;3060;138;2018
Multimodal Damage Identification for Humanitarian Computing;https://archive.ics.uci.edu/ml/datasets/Multimodal+Damage+Identification+for+Humanitarian+Computing;Multivariate$Text;Classification;Integer;5879;;2018
EEG Steady-State Visual Evoked Potential Signals;https://archive.ics.uci.edu/ml/datasets/EEG+Steady-State+Visual+Evoked+Potential+Signals;Multivariate$Time-Series;Classification$Regression;Integer;9200;16;2018
Roman Urdu Data Set;https://archive.ics.uci.edu/ml/datasets/Roman+Urdu+Data+Set;Text;Classification;;20000;2;2018
Avila;https://archive.ics.uci.edu/ml/datasets/Avila;Multivariate;Classification;Real;20867;10;2018
PANDOR;https://archive.ics.uci.edu/ml/datasets/PANDOR;Multivariate;Recommendation;Categorical;;;2018
Drug Review Dataset (Druglib.com);https://archive.ics.uci.edu/ml/datasets/Drug+Review+Dataset+%28Druglib.com%29;Multivariate$Text;Classification$Regression$Clustering;Integer;4143;8;2018
Drug Review Dataset (Drugs.com);https://archive.ics.uci.edu/ml/datasets/Drug+Review+Dataset+%28Drugs.com%29;Multivariate$Text;Classification$Regression$Clustering;Integer;215063;6;2018
Physical Unclonable Functions;https://archive.ics.uci.edu/ml/datasets/Physical+Unclonable+Functions;Multivariate;Classification;Integer;6000000;129;2018
Superconductivty Data;https://archive.ics.uci.edu/ml/datasets/Superconductivty+Data;Multivariate;Regression;Real;21263;81;2018
WESAD (Wearable Stress and Affect Detection);https://archive.ics.uci.edu/ml/datasets/WESAD+%28Wearable+Stress+and+Affect+Detection%29;Multivariate$Time-Series;Classification$Regression;Real;63000000;12;2018
GNFUV Unmanned Surface Vehicles Sensor Data Set 2;https://archive.ics.uci.edu/ml/datasets/GNFUV+Unmanned+Surface+Vehicles+Sensor+Data+Set+2;Multivariate$Sequential$Time-Series;Regression;Real;10190;6;2018
Student Academics Performance;https://archive.ics.uci.edu/ml/datasets/Student+Academics+Performance;Multivariate;Classification;;300;22;2018
Online Shoppers Purchasing Intention Dataset;https://archive.ics.uci.edu/ml/datasets/Online+Shoppers+Purchasing+Intention+Dataset;Multivariate;Classification$Clustering;Integer$Real;12330;18;2018
PMU-UD;https://archive.ics.uci.edu/ml/datasets/PMU-UD;Univariate;Classification;;5180;9;2018
Parkinson's Disease Classification;https://archive.ics.uci.edu/ml/datasets/Parkinson%27s+Disease+Classification;Multivariate;Classification;Integer$Real;756;754;2018
Electrical Grid Stability Simulated Data;https://archive.ics.uci.edu/ml/datasets/Electrical+Grid+Stability+Simulated+Data+;Multivariate;Classification$Regression;Real;10000;14;2018
Caesarian Section Classification Dataset;https://archive.ics.uci.edu/ml/datasets/Caesarian+Section+Classification+Dataset;Univariate;Classification;Integer;80;5;2018
BAUM-1;https://archive.ics.uci.edu/ml/datasets/BAUM-1;Time-Series;Classification;;1184;;2018
BAUM-2;https://archive.ics.uci.edu/ml/datasets/BAUM-2;Time-Series;Classification;;1047;;2018
Audit Data;https://archive.ics.uci.edu/ml/datasets/Audit+Data;Multivariate;Classification;Real;777;18;2018
BuddyMove Data Set;https://archive.ics.uci.edu/ml/datasets/BuddyMove+Data+Set;Multivariate$Text;Classification$Clustering;Real;249;7;2018
Real estate valuation data set;https://archive.ics.uci.edu/ml/datasets/Real+estate+valuation+data+set;Multivariate;Regression;Integer$Real;414;7;2018
Early biomarkers of Parkinsons disease based on natural connected speech Data Set;https://archive.ics.uci.edu/ml/datasets/Early+biomarkers+of+Parkinson%E2%80%99s+disease+based+on+natural+connected+speech+Data+Set+;Multivariate;Classification;Real;;;2018
Somerville Happiness Survey;https://archive.ics.uci.edu/ml/datasets/Somerville+Happiness+Survey;;Classification;Integer;143;7;2018
2.4 GHZ Indoor Channel Measurements;https://archive.ics.uci.edu/ml/datasets/2.4+GHZ+Indoor+Channel+Measurements;Multivariate;Classification;Real;7840;5;2018
EMG data for gestures;https://archive.ics.uci.edu/ml/datasets/EMG+data+for+gestures;Time-Series;Classification;Real;30000;6;2019
Parking Birmingham;https://archive.ics.uci.edu/ml/datasets/Parking+Birmingham;Multivariate$Univariate$Sequential$Time-Series;Classification$Regression$Clustering;Real;35717;4;2019
Behavior of the urban traffic of the city of Sao Paulo in Brazil;https://archive.ics.uci.edu/ml/datasets/Behavior+of+the+urban+traffic+of+the+city+of+Sao+Paulo+in+Brazil;Multivariate$Time-Series;Classification$Regression;Integer$Real;135;18;2018
Travel Reviews;https://archive.ics.uci.edu/ml/datasets/Travel+Reviews;Multivariate$Text;Classification$Clustering;Real;980;11;2018
Tarvel Review Ratings;https://archive.ics.uci.edu/ml/datasets/Tarvel+Review+Ratings;Multivariate$Text;Classification$Clustering;Real;5456;25;2018
Rice Leaf Diseases;https://archive.ics.uci.edu/ml/datasets/Rice+Leaf+Diseases;Multivariate;Classification;Integer;120;;2019
Gas sensor array temperature modulation;https://archive.ics.uci.edu/ml/datasets/Gas+sensor+array+temperature+modulation;Multivariate$Time-Series;Classification$Regression;Real;4095000;20;2019
Facebook Live Sellers in Thailand;https://archive.ics.uci.edu/ml/datasets/Facebook+Live+Sellers+in+Thailand;Multivariate;Clustering;Integer;7051;12;2019
Parkinson Dataset with replicated acoustic features;https://archive.ics.uci.edu/ml/datasets/Parkinson+Dataset+with+replicated+acoustic+features+;Multivariate;Classification;;240;46;2019
Metro Interstate Traffic Volume;https://archive.ics.uci.edu/ml/datasets/Metro+Interstate+Traffic+Volume;Multivariate$Sequential$Time-Series;Regression;Integer$Real;48204;9;2019
Query Analytics Workloads Dataset;https://archive.ics.uci.edu/ml/datasets/Query+Analytics+Workloads+Dataset;Multivariate;Regression$Clustering;Real;260000;8;2019
Wave Energy Converters;https://archive.ics.uci.edu/ml/datasets/Wave+Energy+Converters;Multivariate;Regression;Real;288000;49;2019
PPG-DaLiA;https://archive.ics.uci.edu/ml/datasets/PPG-DaLiA;Multivariate$Time-Series;Regression;Real;8300000;11;2019
Alcohol QCM Sensor Dataset;https://archive.ics.uci.edu/ml/datasets/Alcohol+QCM+Sensor+Dataset;Multivariate;Classification$Regression$Clustering;Real;125;8;2019
Divorce Predictors data set;https://archive.ics.uci.edu/ml/datasets/Divorce+Predictors+data+set;Multivariate$Univariate;Classification;Integer;170;54;2019
Incident management process enriched event log;https://archive.ics.uci.edu/ml/datasets/Incident+management+process+enriched+event+log;Multivariate$Sequential;Regression$Clustering;Integer;141712;36;2019
Opinion Corpus for Lebanese Arabic Reviews (OCLAR);https://archive.ics.uci.edu/ml/datasets/Opinion+Corpus+for+Lebanese+Arabic+Reviews+%28OCLAR%29;Text;Classification;Integer;3916;3916;2019
MEx;https://archive.ics.uci.edu/ml/datasets/MEx;Time-Series;Classification$Clustering;Real;6262;710;2019
Beijing Multi-Site Air-Quality Data;https://archive.ics.uci.edu/ml/datasets/Beijing+Multi-Site+Air-Quality+Data;Multivariate$Time-Series;Regression;Integer$Real;420768;18;2019
Online Retail II;https://archive.ics.uci.edu/ml/datasets/Online+Retail+II;Multivariate$Sequential$Time-Series$Text;Classification$Regression$Clustering;Integer$Real;1067371;8;2019
Hepatitis C Virus (HCV) for Egyptian patients;https://archive.ics.uci.edu/ml/datasets/Hepatitis+C+Virus+%28HCV%29+for+Egyptian+patients;Multivariate;Classification;Integer$Real;1385;29;2019
QSAR fish toxicity;https://archive.ics.uci.edu/ml/datasets/QSAR+fish+toxicity;Multivariate;Regression;Real;908;7;2019
QSAR aquatic toxicity;https://archive.ics.uci.edu/ml/datasets/QSAR+aquatic+toxicity;Multivariate;Regression;Real;546;9;2019
Human Activity Recognition from Continuous Ambient Sensor Data;https://archive.ics.uci.edu/ml/datasets/Human+Activity+Recognition+from+Continuous+Ambient+Sensor+Data;Multivariate$Sequential$Time-Series;Classification;Integer$Real;13956534;37;2019
WISDM Smartphone and Smartwatch Activity and Biometrics Dataset;https://archive.ics.uci.edu/ml/datasets/WISDM+Smartphone+and+Smartwatch+Activity+and+Biometrics+Dataset+;Multivariate$Time-Series;Classification;Real;15630426;6;2019
